grad,fls1,fls2,fls3,pout
0.1,0.1,0.5,0.5,-208.722122613
0.104119665629,0.14,0.5085672467,0.277837997212,-241.586049328
0.129718205295,0.128191345764,0.389745748491,0.434737476013,-213.150315189
0.134149530513,0.07,0.619460437531,0.60862021696,-235.563136728
0.172655509695,0.122071126909,0.493399015206,0.536768292038,-198.939448642
0.2,0.130383338145,0.560447370016,0.469102646721,-204.619204583
0.186758502372,0.07,0.491198442301,0.267593280998,-272.135070492
0.135846351714,0.0782603039685,0.268495512507,0.433149641906,-257.88119537
0.132609538288,0.0773001579996,0.624635510839,0.618374748985,-215.751779986
0.186904739391,0.11303835452,0.621229558542,0.593810125431,-200.764395893
0.2,0.110263279197,0.512566870421,0.742680233629,-184.310169753
0.2,0.14,0.442672821408,0.696363378588,-211.218507749
0.197549960687,0.118465992283,0.542478270475,0.631604721107,-190.973783498
0.2,0.14,0.507634798685,0.680846127873,-223.719262391
0.172023182788,0.14,0.664083454837,0.837165115111,-248.557607016
0.2,0.07,0.623907482138,0.632656725477,-263.782582445
0.137922080137,0.104547103572,0.523933307331,0.828708284553,-214.260472902
0.2,0.07,0.653046935616,0.680255198073,-261.761391689
0.121425430089,0.14,0.502176990933,0.768739458855,-252.029690691
0.109737927384,0.129206288069,0.52652917456,0.499945866309,-245.892101272
0.124277014381,0.110527055375,0.655297549838,0.75099217713,-238.808190048
0.2,0.14,0.502088993776,0.832732906179,-227.713579229
0.197347163401,0.14,0.464660060922,0.821327117851,-222.731668523
0.146272852723,0.115028797506,0.611474437975,0.844059063302,-234.636649252
0.2,0.0984255586356,0.421934680644,0.709671322231,-233.326192865
0.2,0.14,0.510230320818,0.820147226646,-228.565543621
0.165296111068,0.07,0.447620667444,0.707381416126,-262.336062649
0.115314375559,0.14,0.470154414526,0.688924960663,-250.849909162
0.2,0.0738306534422,0.575496732604,0.659847624049,-260.88497533
0.2,0.101248179444,0.532001295158,0.564561063407,-209.270251933
0.18429367569,0.14,0.53633344502,0.649795549194,-233.24749777
0.2,0.14,0.459877960147,0.702029859248,-215.334800744
0.2,0.14,0.709759893574,0.622504993849,-239.963517765
0.140389327142,0.0832643267968,0.343813976654,0.680932686639,-242.577353503
0.101881088816,0.07,0.455875372915,0.663162484299,-227.44497484
0.15272201767,0.07,0.705489519613,0.761534093983,-239.59276566
0.2,0.07,0.496720842661,0.681999365273,-271.063038891
0.169746774819,0.14,0.598637285552,0.761342372331,-244.978279252
0.189317136128,0.0851612150352,0.493000213012,0.734036834964,-242.064962399
0.2,0.14,0.603781625821,0.797357189844,-236.687543359
0.140816325421,0.07,0.463436970649,0.791422442425,-249.205249767
0.2,0.0757663163113,0.415983663074,0.86864993348,-268.00914648
0.0711198824173,0.14,0.410322071832,0.83161596871,-259.600422461
0.195751856775,0.131026924139,0.524622147795,0.9,-225.863736068
0.2,0.109393016925,0.564206364613,0.797628055793,-192.718683732
0.2,0.0907027350156,0.496911198422,0.646820145012,-238.312584892
0.13290524976,0.100594943311,0.461706649121,0.828197582038,-198.203504056
0.2,0.14,0.398724051434,0.812099358982,-206.731674577
0.189710363015,0.14,0.582171392383,0.755273621204,-237.784777045
0.165904164252,0.107746006586,0.492749442538,0.53883580221,-159.818213167
0.150555892161,0.137481710817,0.556810382508,0.547170741005,-241.606754521
0.141590448659,0.137167349203,0.573767689774,0.503426617556,-244.225275652
0.0910015900644,0.14,0.696935585886,0.586036369278,-263.480661337
0.116001155906,0.14,0.39351293838,0.493460115474,-237.573124648
0.102538512779,0.125782565253,0.459032735004,0.541426450347,-241.854242969
0.14339675458,0.14,0.398435770287,0.531966767151,-226.871739299
0.167297490184,0.13756686121,0.491723176335,0.582091890549,-230.402514635
0.176418048403,0.14,0.429377551516,0.627175063378,-219.165134665
0.105147213665,0.107656379435,0.641286240235,0.277634847373,-218.417616945
0.1988765033,0.14,0.38920007151,0.541540133175,-183.314430055
0.158076653467,0.14,0.38417410587,0.54361984831,-215.920035237
0.183412945201,0.107101215822,0.439389160666,0.602832505447,-194.609379847
0.2,0.07,0.368266787514,0.520059532845,-281.420313075
0.2,0.14,0.46224420927,0.364654718835,-183.96874786
0.141200735181,0.0768042645976,0.373822812907,0.388368790321,-252.115055009
0.184039709139,0.07,0.552806184847,0.62059157452,-262.931073536
0.12302450267,0.14,0.597530103494,0.498327519198,-251.950289597
0.2,0.14,0.600444632481,0.581615142462,-230.520707947
0.171991957043,0.101315258706,0.509326807196,0.342556687703,-210.622094334
0.157341936662,0.07,0.436613425564,0.64620045587,-260.513014615
0.171228300173,0.07,0.288355264111,0.490065178434,-277.57634162
0.12817300932,0.14,0.472936549295,0.449164724283,-240.140325084
0.127766529227,0.14,0.438966921155,0.502425104259,-238.876504376
0.149787430521,0.102346749508,0.546000133145,0.497782001193,-168.540711427
0.133957981135,0.0840620343477,0.502358012025,0.502680664811,-213.014551629
0.0970614864593,0.0910246708481,0.601550273464,0.39471026555,-195.687762738
0.2,0.104677846641,0.461181670117,0.406112721523,-228.377471438
0.196029064892,0.106801389307,0.342374200205,0.483822373376,-243.887557022
0.172851818296,0.0925048561465,0.414957413856,0.426647832649,-240.946311144
0.187246050854,0.107302849969,0.471940181985,0.657146585284,-185.712090723
0.191480397445,0.0769088776746,0.542593612136,0.450963818956,-259.719894903
0.193613326539,0.118829043042,0.530717577883,0.413957856156,-143.555165204
0.2,0.0818571358379,0.457735637874,0.50970920877,-261.624884937
0.16740047583,0.126867693169,0.558017989094,0.584356721212,-228.03991541
0.2,0.14,0.544355236045,0.32315000771,-195.917064823
0.150319194611,0.14,0.613183974023,0.616317016952,-248.649228811
0.197693201953,0.0816040287438,0.48402348036,0.339832990364,-262.126990786
0.193310723083,0.0802384288131,0.558987837938,0.419417297852,-255.1447807
0.118860666957,0.07,0.569278684691,0.461325065589,-231.605778581
0.2,0.14,0.459729904246,0.466274840939,-194.267938263
0.190164292159,0.07,0.321216341162,0.500125336875,-281.58435206
0.135634032989,0.14,0.325340801321,0.298945463483,-204.843124921
0.168840763174,0.0929068144321,0.703794517875,0.404697499692,-188.75105042
0.2,0.0914026707754,0.609323352449,0.430990871391,-231.367227325
0.144601844763,0.14,0.512532219537,0.422500483737,-236.154554007
0.14729160938,0.0857772210015,0.513617987968,0.427875484566,-222.104951648
0.100722736104,0.0814451719002,0.552309733792,0.458288441666,-180.62009758
0.2,0.109426983386,0.581449953528,0.50709663064,-164.858581929
0.195708675506,0.130281753885,0.567537979041,0.444611188551,-206.235536342
0.16977931501,0.07,0.621982261057,0.44873285877,-256.319701148
0.172713568967,0.110626983748,0.560241319139,0.372556115099,-129.33898512
0.150113675633,0.123085644482,0.635025497112,0.444687011174,-231.453169664
0.113180525879,0.119598590515,0.583975953095,0.294840686902,-228.260470368
0.193605721619,0.0914191012728,0.541427209881,0.393940454214,-239.391094488
0.172978925561,0.126062677877,0.514614293531,0.392630445503,-195.937871455
0.165591793947,0.133062441387,0.500024901281,0.438582475779,-218.642337872
0.127327960947,0.0989074533511,0.568571038509,0.413551781005,-172.013342285
0.187239561428,0.134390219508,0.540578329374,0.32956444678,-198.977358606
0.133123301045,0.0975596408769,0.60069075888,0.32780002343,-115.083086748
0.0721954026311,0.107616491008,0.5415477889,0.389478442843,-237.557416458
0.124666075604,0.07,0.564254858417,0.277535460988,-240.038951436
0.103726424346,0.114852039075,0.561117570539,0.353581109535,-229.217303026
0.136022034462,0.105594771045,0.653335292668,0.294742240611,-184.159216141
0.110503394513,0.07,0.649779976801,0.231570055492,-225.125818821
0.122537056126,0.0836006115934,0.667926681493,0.440149947759,-186.601917243
0.138000584761,0.103659851565,0.675502384258,0.319381531481,-185.781941136
0.112734948477,0.0752766258948,0.631768724551,0.373936302559,-208.145501296
0.13961271768,0.0902859521405,0.570923504897,0.262691214377,-203.220858548
0.109371417616,0.105262864934,0.592602792591,0.266663058922,-201.414817114
0.138312451973,0.0998714117687,0.632534046629,0.34062484969,-151.576561513
0.105410033209,0.133706314308,0.585977690575,0.390674752668,-249.336509191
0.166744911086,0.0718077481357,0.672367573493,0.285870417016,-253.52184486
0.130673571357,0.0915274089739,0.580813886824,0.285702841874,-176.656492298
0.135234604221,0.110592655819,0.612890181783,0.325742344376,-201.458131915
0.137553561218,0.0820896057725,0.606202016797,0.297175870257,-217.416460299
0.126229525579,0.101497448427,0.612175553951,0.296774760797,-170.124210871
0.122497052834,0.119637493357,0.527176815918,0.278137259561,-213.756368502
0.109673618886,0.118088834543,0.57491953368,0.22209098297,-220.599241436
0.120540296496,0.113828501768,0.669173359703,0.333014674083,-227.383778159
0.107776570254,0.07,0.610195542084,0.282449654948,-224.588867301
0.138906256902,0.119970960603,0.630471104019,0.295838877138,-218.082228763
0.118422062321,0.07,0.680012351276,0.353603946005,-226.040246512
0.120559370515,0.0877907841297,0.603897393797,0.289289785383,-169.470073964
0.110510229511,0.07,0.635409319848,0.306466653475,-223.991672044
0.13371497639,0.0876448134866,0.574968149901,0.421593651238,-190.248003267
0.111952082898,0.0824625338197,0.638141018971,0.333771136782,-176.855329032
0.2,0.0866911975427,0.602364802298,0.315193795086,-248.496212082
0.138713944188,0.0935813215999,0.632699474996,0.345015421985,-152.454069565
0.159447938199,0.0859009117994,0.553704264366,0.293413479842,-232.138223539
0.108851158913,0.115171911211,0.562745289191,0.382902054359,-229.553362515
0.124731536062,0.0764205914118,0.636534981351,0.400937395458,-214.642338841
0.0994140129332,0.098220106733,0.645596621938,0.385932894101,-216.765939702
0.111040006411,0.104632290075,0.524102611359,0.28123633579,-185.571760301
0.154818403273,0.119941904705,0.642943123666,0.288747283076,-206.480777539
0.0922375303985,0.0865363718217,0.610433104071,0.35291065387,-183.985709669
0.120557201824,0.0884064555328,0.450391824811,0.318224615647,-203.192253632
0.120414170171,0.072019109218,0.589612646636,0.332540585587,-229.039065675
0.125026451935,0.119342439342,0.701107458465,0.350167108993,-236.659931819
0.121949486666,0.120228251732,0.644800064358,0.375758311038,-236.671650908
0.124972229003,0.106642838349,0.542572839347,0.314521957858,-180.149678359
0.0882410985652,0.0793452512677,0.607281290458,0.334913527761,-174.612154001
0.147125915505,0.116107093707,0.638963968016,0.36389383726,-215.219195111
0.113595208322,0.114674176598,0.613576773673,0.467714556753,-236.561498351
0.160460480525,0.0869550707175,0.605359563019,0.314662359995,-223.991243177
0.119962159994,0.0802103860788,0.584855439042,0.344656763693,-204.647392538
0.157639249697,0.0701921615305,0.701069649169,0.344803013704,-248.730143568
0.0992095983257,0.0764950790298,0.686364706144,0.342530979907,-186.595417655
0.134465274582,0.0918023768132,0.574769339727,0.347279377054,-176.468650321
0.120033783726,0.07,0.538192980655,0.389633966813,-236.269615226
0.143360463983,0.099349198257,0.642082969327,0.340727555023,-137.717797266
0.0696337251317,0.113027409694,0.650174829214,0.273265480291,-244.235021099
0.133194080289,0.12874462954,0.676924301556,0.276490804155,-234.475058429
0.150885389614,0.121502813027,0.610165829301,0.345054079681,-216.2393315
0.158664148356,0.120753614933,0.57031633022,0.316096089492,-196.003138221
0.116015749192,0.101720805238,0.612257368648,0.329818617509,-195.377680274
0.155328754478,0.129956373531,0.512056871605,0.336552322716,-212.30432079
0.144260370207,0.0834968063354,0.635283336635,0.341728591401,-213.978458442
0.142165024053,0.07,0.675005961201,0.327603595895,-242.504440637
0.167069889067,0.104147463082,0.509319084268,0.35697224183,-193.917504409
0.163813448001,0.0832586237016,0.566390427124,0.329572132684,-237.377951825
0.174611830123,0.129544613204,0.581309461071,0.32785074536,-208.050740461
0.113739752222,0.127630379003,0.602849979273,0.28010707637,-236.819879051
0.123575019018,0.0781204938136,0.597261044639,0.351788317228,-213.775847711
0.153955648603,0.14,0.562829163732,0.308851210382,-227.545544384
0.119735128542,0.14,0.749293029341,0.336208894464,-254.188288897
0.0764683287683,0.104008055865,0.602757138318,0.284315664526,-229.955314437
0.181208675851,0.132886326651,0.584932049,0.293577561219,-203.865090749
0.185606641513,0.118373112348,0.562589548801,0.397202134597,-161.801127514
0.11605158871,0.113422683495,0.624709774734,0.291694219683,-220.549319672
0.140920050648,0.116554559154,0.620209936686,0.315393240269,-211.198200494
0.153705669662,0.0911581488987,0.616273865684,0.341658146427,-200.81631912
0.125324359632,0.0817183831818,0.550968947552,0.265136556467,-214.691985189
0.165274467505,0.076486759674,0.514567399778,0.380851142363,-252.23556508
0.0930758123058,0.0773747767284,0.544689263373,0.223251290879,-189.22720492
0.123442195582,0.0798591820838,0.597153201381,0.29631102104,-210.85006274
0.127625464781,0.0779213584483,0.600115136312,0.383766843686,-216.630483896
0.163459735678,0.110206172353,0.601949910994,0.322967150508,-145.82041288
0.179634870281,0.107489402424,0.660452578877,0.2310835161,-185.900026242
0.113093746527,0.101319168857,0.578897861138,0.394903555977,-201.783402319
0.132284382702,0.139465143283,0.570916916039,0.214825959144,-228.839598318
0.159229738245,0.07,0.55964070392,0.310378039416,-257.913693878
0.135943812634,0.126012515972,0.558702624548,0.381478972561,-229.608922153
0.13056470221,0.12835215659,0.591646925919,0.376303558412,-237.459450387
0.13645445117,0.0716453771967,0.58736783806,0.298141968347,-242.082249536
0.164426227622,0.0957376473646,0.599607406401,0.408089999647,-187.580299325
0.145705614452,0.11952000505,0.527746987295,0.316751430886,-196.863022959
0.188561849529,0.0959315582225,0.582163073155,0.31275269992,-226.872936592
0.137526767716,0.0942809604083,0.677677681953,0.290042527046,-133.848224743
0.14615838916,0.0766003791083,0.621308595886,0.412503896077,-231.932023934
0.134694858098,0.0762424628593,0.60075855897,0.40173672092,-226.311952466
0.12603605168,0.0871392611494,0.565224184977,0.332659308325,-189.237828831
0.133898657896,0.111764264278,0.589814100586,0.323559714567,-200.870239069
0.158240778335,0.0946813847488,0.567952113981,0.325621812998,-204.042702806
0.125537660937,0.0791675094005,0.614771718412,0.319913221212,-211.932784769
0.139319382023,0.0921196978671,0.618592969368,0.319317823653,-174.977251072
0.14392026768,0.110846245982,0.617268957883,0.369750776477,-202.504629735
0.118577639639,0.087367496401,0.62155017755,0.352680367185,-161.516184392
0.129840894115,0.0908396969326,0.617827923114,0.268018236901,-171.321402927
0.139177257954,0.086995375437,0.616348318066,0.349636146537,-198.768152474
0.120410943552,0.110567119653,0.613003916851,0.353740630289,-218.390480363
0.146650346477,0.113299296486,0.55934270848,0.275020240323,-176.919997437
0.145861808022,0.0861984784703,0.594080122571,0.338516388495,-213.139388523
0.123537202411,0.105845995252,0.567378368254,0.306782388686,-184.800481958
0.136698190634,0.118727805179,0.615679653025,0.341610081189,-221.264228985
0.150538773912,0.104408772438,0.620389255463,0.331489083892,-141.541359834
0.143089167382,0.111335545802,0.618297655406,0.353085337641,-201.829401148
0.132496328699,0.109503064657,0.607636529972,0.300404642451,-195.271119735
0.141452891289,0.0890596291955,0.601080906721,0.329509241554,-198.036275099
0.12021674996,0.0925396764312,0.605089955207,0.328331043674,-133.21619574
0.13315499267,0.116472052424,0.649226556917,0.343501452311,-223.504384641
0.116950916206,0.0893584837595,0.605433377708,0.260537514388,-148.549275621
0.133095360326,0.109302409711,0.588464380792,0.355103112169,-199.396349338
0.116962712173,0.111964253391,0.639786295904,0.279012923887,-217.281097518
0.133175049377,0.0766794742978,0.600909651732,0.33502005922,-226.454781087
0.138409359243,0.07,0.596751549224,0.338987503444,-244.662251019
0.127514060885,0.0884896347925,0.602261213446,0.331055826608,-176.706298514
0.131963655701,0.0985488609146,0.627606391799,0.321828976735,-145.874141299
0.128433875012,0.0892369664499,0.627955724553,0.334051229729,-166.704578078
0.122842563034,0.0823891755521,0.610576460104,0.31960299741,-197.745816821
0.160451746526,0.0930546130143,0.617701812223,0.372213122686,-196.761900598
0.126435738684,0.0833941538784,0.607849892332,0.355616659462,-196.818720277
0.130002409906,0.115554632039,0.635978875757,0.336547180533,-221.820902633
0.123210285508,0.0957606965453,0.56337229779,0.314240705952,-116.885116152
0.122560189571,0.112471132784,0.601933215139,0.2591135658,-207.150254919
0.10406344141,0.0967114147966,0.614582769818,0.358401390819,-199.985382178
0.121811078001,0.119299070531,0.593389074418,0.305434179603,-224.882441127
0.105778823199,0.103154275291,0.553900430734,0.337178275775,-200.680691687
0.123721671908,0.0759880483722,0.577713670478,0.329236928063,-222.834533934
0.0975734207425,0.0932092576247,0.563507214034,0.341806254953,-184.691391249
0.106848690627,0.07,0.568647250414,0.269023402354,-226.94719031
0.121463206,0.0835548595983,0.567444242525,0.285514481047,-200.699091772
0.124658398195,0.0888143796972,0.61504988614,0.34565723213,-163.963503241
0.115106564834,0.0919807029177,0.576666482693,0.308092552745,-126.254527535
0.127446910482,0.0708672071752,0.565406667254,0.362201710957,-237.637493346
0.132684923473,0.123190677648,0.544066218821,0.331847159471,-220.463702878
0.133708783479,0.099941830207,0.546581123856,0.30810561071,-134.061589171
0.122576738642,0.0869620906955,0.551826724174,0.268392771092,-193.197230766
0.111395357389,0.07,0.593987107606,0.284528620068,-228.817017025
0.12687823857,0.07920624239,0.5246680775,0.291105288007,-225.100020533
0.120175442004,0.107616128565,0.547363140358,0.353853631893,-198.385475252
0.120212547575,0.0797508182815,0.567130038203,0.275552052189,-212.6996717
0.130350866498,0.0923426172797,0.627510535295,0.269814307372,-157.066889817
0.109000752185,0.0832061295825,0.53281081001,0.311122944845,-187.297359427
0.127326808928,0.105709162797,0.562980800528,0.317406907235,-178.261678647
0.123710659287,0.0789242120517,0.548518070631,0.324968720919,-218.223305512
0.116995505628,0.0813769142464,0.568441817272,0.323341560967,-200.091037214
0.129213082525,0.0809243186192,0.548742797668,0.260272885871,-221.094458488
0.113151861708,0.0853268628541,0.547559130981,0.263754013771,-185.433126564
0.103498547572,0.083822392344,0.52960057738,0.312131845902,-174.194840469
0.118868313544,0.0830305613857,0.524766754861,0.317167439997,-203.973716907
0.119510273254,0.107625690903,0.579365997896,0.356109094724,-206.940663413
0.119113884773,0.0895959745753,0.617302481593,0.361344421605,-152.754773366
0.132693878103,0.105341189524,0.557135167653,0.344044857373,-169.067272648
0.137256191131,0.091850403888,0.587980019078,0.335537045683,-179.742094851
0.123395233154,0.114891300915,0.561049149431,0.290667437089,-209.142373135
0.135661327603,0.0993716774059,0.530979786719,0.300986736189,-156.286580517
0.123894235049,0.103804412085,0.538976634412,0.312061117154,-165.456021021
0.113509380514,0.110967781286,0.60339003748,0.310263054228,-217.385253582
0.11279098709,0.110320406358,0.5305748675,0.31272008067,-205.453925984
0.133453321341,0.113298571472,0.570850645064,0.332320814004,-202.908791209
0.104823385689,0.109160851222,0.607511927921,0.342682760358,-223.841715477
0.113582614408,0.0809638585985,0.555150626885,0.316475060079,-199.534001146
0.142278345944,0.0806486204915,0.564836836652,0.318020951353,-228.320564873
0.133345495268,0.113641608425,0.569357067487,0.318329273574,-201.407701876
0.137375967375,0.101668157069,0.569215207335,0.31461348552,-122.198725126
0.117967812189,0.101749180115,0.5557823186,0.35614345737,-181.398882478
0.116765566932,0.114590776528,0.600241477412,0.319845784018,-222.491258979
0.12006752639,0.0860544302262,0.596288677187,0.309357485132,-179.518621948
0.109322942831,0.0980927948674,0.579450072043,0.316227747932,-180.986066898
0.105758154787,0.0931677201892,0.578267192995,0.354793499699,-173.894425414
0.131546920116,0.0920309241335,0.562397826824,0.327255108609,-175.125366342
0.105960210922,0.0894811116074,0.560940868123,0.342539567022,-149.220319177
0.108558690298,0.0802331766107,0.588562116743,0.296046303821,-191.39280263
0.134757985723,0.0727601941886,0.607431920166,0.306549422875,-237.037440429
0.0987143030802,0.08763742231,0.532589524272,0.31366338926,-143.678460828
0.136205563687,0.104467231493,0.529130694995,0.286596069324,-147.410119904
0.123789801134,0.100279855759,0.553101613147,0.265904465961,-136.318293505
0.126673187991,0.110015638285,0.567328653569,0.346598654247,-202.166260878
0.105989079689,0.0776567435064,0.597044880889,0.327379205222,-196.556977384
0.103736025638,0.0777146069268,0.558349445007,0.290264151003,-200.533844411
0.0966423116842,0.102111465376,0.519582495618,0.335386146496,-203.353858708
0.0984669914185,0.101497881805,0.518450418999,0.286191530852,-194.107339285
0.122093235062,0.0896361785748,0.599206416156,0.330432635108,-156.205906385
0.130564621395,0.07,0.572972403187,0.3273545379,-241.92305056
0.124880347479,0.0848346493376,0.568399973729,0.319019904151,-197.827521688
0.10631449242,0.0824518410133,0.573926727916,0.312867825491,-178.361284216
0.134066783467,0.0852969471303,0.587263388557,0.32266269864,-204.900357304
0.139783830167,0.0971342415351,0.567557450863,0.349632106732,-151.835523494
0.126138675205,0.0874360587085,0.548014778611,0.300016357484,-194.501926978
0.135377518382,0.0978875754917,0.614919895137,0.295798328674,-108.020953599
0.143225567177,0.099373272279,0.591133073103,0.320240123228,-133.762510073
0.132429044755,0.094619674976,0.603813216522,0.281536677973,-151.588110566
0.120192084419,0.100291006833,0.611883731908,0.295486025978,-175.798228804
0.141199869974,0.0954443161296,0.634397129503,0.271046948589,-161.647205797
0.143406621751,0.104217153516,0.598996127191,0.249151901055,-149.097933989
0.143453599427,0.0960167926971,0.624979051261,0.302164872622,-155.14828858
0.133988118888,0.0928053584034,0.610067519971,0.293427255,-164.986828691
0.134859657224,0.111363320195,0.588874260682,0.30304539812,-194.692273237
0.124597299833,0.0997236902789,0.583343057522,0.291080457361,-143.895633201
0.140157153168,0.102737774507,0.608342382629,0.279399528353,-133.717512091
0.134099797293,0.090852106303,0.619962905129,0.27936925047,-178.252701115
0.118905540767,0.10241335872,0.633992531887,0.288475642654,-191.7734342
0.133728730784,0.0850387743506,0.634078778872,0.292316675482,-200.466694853
0.130699213464,0.107935148672,0.610753197434,0.283456232517,-190.091301627
0.143119130565,0.0993426129539,0.634857216236,0.323245845935,-114.890649472
0.136712357545,0.100494812363,0.631829393224,0.294381266483,-138.194928686
0.132739828201,0.0970020168672,0.621798762805,0.289194880389,-106.604837625
0.125605651121,0.0929231616802,0.641081037894,0.278034048709,-122.542318277
0.128070656265,0.0934836852577,0.609179187828,0.275304319282,-145.144455211
0.128036951784,0.0869737116364,0.599844324185,0.279763143317,-191.303114532
0.135193777425,0.100729469919,0.62364348524,0.291827137955,-140.336781328
0.121389252713,0.107317805042,0.616507611022,0.278715167147,-200.187129284
0.14201391903,0.105164791466,0.63216384742,0.291788082338,-163.550946281
0.128936647573,0.0990000080057,0.610877096635,0.297577651656,-138.383253192
0.134363830362,0.0832460710462,0.604539561914,0.280516986635,-211.996464086
0.133115050257,0.101868865758,0.621260583892,0.290688997163,-157.34795797
0.136064837236,0.0976450711308,0.617459288949,0.300939487759,-109.93992832
0.139218161033,0.10131651331,0.621184439706,0.277958839441,-124.339123518
0.133018430707,0.0983324645974,0.632128860381,0.289677609241,-122.781674612
0.133433946042,0.0918387938953,0.644248610768,0.30102583508,-155.269535655
0.12024210756,0.102904253438,0.631148684676,0.28718755228,-190.909718835
0.124748843974,0.0892970118034,0.59909446756,0.313101623955,-167.647599684
0.133180383506,0.0952896063867,0.605393670878,0.307394119077,-137.203843646
0.131085041916,0.0906037400606,0.608997395645,0.267843269972,-178.502861391
0.140142814739,0.0841367511043,0.627954028678,0.27689691385,-213.120196333
0.14218513645,0.0959329637317,0.622422318958,0.290210251542,-157.731459731
0.137427517193,0.103289835015,0.624877934849,0.280343641578,-154.257464431
0.126326223751,0.101842009115,0.615973190538,0.290814633565,-172.078379395
0.133879016024,0.0972821243172,0.60645784488,0.283816685104,-123.616809418
0.133151236707,0.114823582927,0.62694944126,0.287933161265,-210.340477154
0.136428259155,0.094033715481,0.613912118681,0.275852011299,-166.155977222
0.130752788536,0.0825033594133,0.623545294405,0.278912026632,-207.971949708
0.135726954595,0.0950586581267,0.612604158834,0.296313846288,-148.446589204
0.130378601985,0.0956014866249,0.653421554177,0.292223026822,-123.726091226
0.138385845188,0.0903530179059,0.633839959523,0.272279763017,-187.463396235
0.140739334206,0.0958424392488,0.619255834822,0.283795801956,-158.726055748
0.140180004939,0.101226426438,0.641252145401,0.297509231931,-141.133059297
0.12882976141,0.105668352044,0.617465236021,0.302139393914,-188.898823354
0.133473339488,0.110664033586,0.642831788452,0.301619511709,-205.164125581
0.145662484944,0.102399012211,0.632072338305,0.29671292798,-125.188779841
0.135615405917,0.100030866497,0.641673745815,0.295341479589,-144.828676304
0.133171826893,0.0929199392091,0.62366847096,0.289871926595,-156.454904498
0.141363811383,0.104367431232,0.656964325814,0.289075925041,-167.056747829
0.130046855386,0.0972474463728,0.613757629448,0.282941803618,-105.802321145
0.124829288064,0.103999948496,0.599210496607,0.284455496516,-179.740407823
0.134456557854,0.093957299062,0.608375691868,0.28587511021,-160.245301633
0.124747707659,0.0964183984677,0.603606207206,0.280473686987,-109.431565767
0.122005877489,0.10804726621,0.638202979317,0.283748695611,-205.416368791
0.130525478077,0.0930694583256,0.610824959592,0.277777285395,-156.294831314
0.135542511575,0.101625676649,0.602449881807,0.284590095438,-134.091560615
0.131397297991,0.0972165082633,0.605048829913,0.262245680963,-130.445538013
0.113288492093,0.0942064923817,0.619225372157,0.276535721849,-151.643692024
0.119524526791,0.0996130986265,0.572607633653,0.308964484526,-159.945670895
0.132728462927,0.114558320527,0.609279174102,0.270567978716,-205.045429117
0.127742891714,0.104989187749,0.60820096957,0.292581738793,-183.569855792
0.128638274872,0.0895495689373,0.632464670365,0.266710124722,-173.086850227
0.117479545133,0.096331539909,0.630960725372,0.312511855469,-170.934493721
0.124929083449,0.106609890352,0.594723291167,0.272904625321,-187.455662027
0.126816150718,0.103650937223,0.60375402007,0.279036347581,-173.959748255
0.125478651679,0.103605759068,0.597480596305,0.280166542498,-174.761101374
0.138036241942,0.115078714452,0.601720788304,0.269694499391,-199.685771736
0.122029121139,0.102969199268,0.610228325549,0.262967902118,-177.543276424
0.12949481567,0.10271531333,0.617704083909,0.260360925833,-161.541091628
0.138885518133,0.0879232879876,0.620448461124,0.291448177251,-198.859144421
0.127143142635,0.0934887943674,0.601997574355,0.266117431558,-149.050184561
0.135489318197,0.0849140680146,0.595471195313,0.279820181409,-209.622506217
0.119850166244,0.0921125980408,0.590709690759,0.297321603803,-130.389478541
0.131322171056,0.0817905690057,0.606937999561,0.3078960602,-211.19883322
0.125408247023,0.0967845578755,0.612039748863,0.267734964595,-109.559685241
0.130438220918,0.105209152759,0.644490107416,0.266604215694,-182.734764373
0.12646031713,0.089857622739,0.603949274875,0.288840222821,-169.609738033
0.121515636673,0.101385743442,0.596767653958,0.276185440527,-168.796039236
0.140058560111,0.0813532491279,0.599845667797,0.282868023209,-223.114934087
0.133328734371,0.101411280425,0.610921587773,0.282171634948,-143.236709936
0.142247738008,0.116145453171,0.616789875614,0.287797726143,-203.885610669
0.133791203866,0.0954318945437,0.629808058556,0.276522981776,-134.241855769
0.124361890859,0.0925871006688,0.601145549202,0.295699876578,-138.408043245
0.122266651917,0.0954045650338,0.596010784198,0.276406815939,-106.873082238
0.1270286195,0.111843197694,0.616107722588,0.286651245545,-207.344371836
0.142453913108,0.0903454822363,0.619320181855,0.286095376909,-195.104620965
0.125447527714,0.0955371891678,0.609074560568,0.291952588136,-109.475342146
0.124034974846,0.0971589513357,0.615093278994,0.305853702441,-145.672298318
0.133848563948,0.097545796573,0.616389698352,0.306564022234,-109.425221147
0.129506317697,0.097208959151,0.627667985736,0.284237472096,-116.052948667
0.132787838367,0.100067189589,0.618318748736,0.28588170367,-134.974062475
0.135870385365,0.099436725714,0.61249363892,0.287810324046,-110.575549292
0.131556984192,0.0963650517956,0.622688143304,0.292778092292,-108.951762263
0.130605681834,0.0937965350282,0.628692351718,0.290994403932,-134.522773472
0.123645166823,0.101810463026,0.606429057821,0.313712446579,-178.966372469
0.120161116698,0.0963638849774,0.62345601972,0.273743297613,-142.402077966
0.13187500746,0.0962055157522,0.609778080638,0.271926752642,-133.717013262
0.133956015045,0.0961684177752,0.613284484361,0.28787555183,-130.371746124
0.130479310595,0.0991235398822,0.623804019279,0.288898958816,-138.735571497
0.13324967843,0.0998351426308,0.614808474675,0.298531791557,-133.774072562
0.127593618978,0.0945449645396,0.613394917396,0.281052603793,-124.878263384
0.12422512765,0.0959819012956,0.614277841773,0.299773636477,-127.679840647
0.128882828695,0.0952254479772,0.618024788899,0.280035453784,-119.399241748
0.127519253847,0.0968703457096,0.605361649964,0.279699972545,-106.564480918
0.124820961531,0.0936948366215,0.614866304958,0.293757076869,-120.445124679
0.13482366219,0.0932008012747,0.617050443057,0.283710401961,-164.087923842
0.129076978655,0.0978249627992,0.608152880888,0.277377599847,-109.874377693
0.132100494192,0.092488406713,0.614123722396,0.273330418395,-165.442747947
0.131756161931,0.0948059024944,0.623819644989,0.290222022601,-129.793157683
0.130612358313,0.0991881272239,0.617855159856,0.282672256529,-130.418805929
0.135896398922,0.0933756909512,0.615773967663,0.289093823052,-164.64699333
0.127004975543,0.0991720805083,0.62195321572,0.278827987746,-146.479769975
0.13032318276,0.091380073513,0.605896844368,0.290538063833,-167.649380966
0.131752829847,0.0978538790868,0.606198757828,0.288257741353,-107.054267131
0.124946130154,0.0956175409681,0.612845665277,0.277647188152,-105.98694747
0.12635167688,0.0948842482208,0.617981992496,0.27696939203,-112.51929449
0.124420626848,0.092223370847,0.629723372841,0.281604954647,-131.064390919
0.125542401296,0.0949051708707,0.612159076161,0.280634073693,-111.128417941
0.120637851693,0.0919668549501,0.611725004556,0.278786072474,-127.18378114
0.123493522044,0.0959237252847,0.614919022848,0.28315354027,-119.619538713
0.124334930343,0.0930990570977,0.613909569635,0.279842769153,-128.358947697
0.128973934671,0.0961256726661,0.609729083505,0.272718908537,-118.684937231
0.129773828265,0.0963245332493,0.620087757798,0.279861411618,-107.562368967
0.126834088584,0.0919760744868,0.606409745973,0.276964589835,-155.456736447
0.125458517228,0.0941864014428,0.614351402284,0.292480882508,-117.213742522
0.123251734195,0.0960304784371,0.605111333668,0.272864719168,-108.866867538
0.120321612146,0.0967184105829,0.603618101797,0.27646914346,-134.664069532
0.120617138593,0.100027964675,0.610538536652,0.263594972359,-163.156486827
0.1216501366,0.100852134338,0.607838880573,0.280887709489,-170.719027475
0.120984438911,0.0950424510307,0.599511187165,0.275981483056,-108.651935435
0.125236339164,0.0952158618827,0.596084933471,0.272258954761,-120.502208925
0.121802617803,0.0951997949734,0.610981008934,0.275883811981,-112.268947186
0.117308460981,0.0947771157386,0.599309679925,0.271422060251,-121.724022971
0.117055551379,0.091639667814,0.598998932436,0.275658931718,-123.04049901
0.115117618835,0.0944215073807,0.611081053671,0.267190991392,-135.442781095
0.121633606493,0.0979778722279,0.596444521691,0.270823661092,-136.211544904
0.122907946328,0.0998228383334,0.60356510033,0.275085416209,-155.900843262
0.118169998961,0.0936833522439,0.596769777388,0.279528025477,-112.78566391
0.115802474604,0.0999187568717,0.607328835272,0.2766111794,-176.964610306
0.122965205928,0.096563225398,0.599372278659,0.281073440736,-117.902730923
0.121427720987,0.102735616982,0.598569524609,0.275769603429,-177.249734773
0.120699260934,0.0945112068919,0.610692368939,0.265636792879,-105.746223425
0.122377551835,0.0933950728632,0.610044210127,0.263266701379,-122.986864959
0.118593375788,0.0929003489435,0.602930140293,0.267374889992,-113.083083638
0.12091182031,0.0907112907657,0.617674116969,0.265808753137,-142.96701204
0.122594573856,0.0987462857342,0.607964122303,0.268048794838,-145.663702181
0.122905416963,0.0940332825155,0.619118704787,0.267102829851,-109.787335931
0.127296283929,0.0971576654071,0.612386581515,0.267971545759,-108.584124823
0.124236635237,0.0905972456131,0.598967248174,0.264759506659,-164.339615706
0.120819431475,0.0930808125457,0.622535701828,0.265565039972,-111.507354189
0.124578966471,0.093034181642,0.610731708853,0.264083461316,-138.703606033
0.116932302686,0.0905240633071,0.604958371927,0.268337489046,-133.653484227
0.120723253591,0.091669676227,0.611294774887,0.262964541495,-135.665415694
0.124786626486,0.0887732576175,0.619725329229,0.271118359664,-171.401360322
0.122302376793,0.0904062257599,0.61967944003,0.265428162252,-150.961612844
0.123458107409,0.0949574942814,0.606742637126,0.263316003662,-110.804945912
0.120389282186,0.0942074922488,0.614018573058,0.260086096873,-104.880064146
0.124382596,0.0915777040396,0.611588092044,0.261930118673,-152.670480805
0.123679345164,0.0951774049592,0.616259013573,0.256463139951,-107.509062706
0.125494231654,0.0906021059623,0.619582771124,0.255013053972,-163.421970139
0.125862011734,0.0985080282103,0.622304974955,0.258565801512,-133.375215687
0.122089683876,0.0886658423259,0.61950145986,0.259676711292,-167.470902888
0.124476031255,0.0941834482712,0.614623911752,0.260475715475,-122.456017208
0.122337637838,0.0979986706439,0.617352986257,0.259245046494,-140.236363786
0.122035430315,0.0926985166681,0.609050811964,0.259241643334,-132.817958969
0.122019344567,0.0925019501057,0.610943968015,0.250862890481,-137.929814119
0.126458311988,0.0950030730089,0.616256778598,0.264692529528,-119.036914477
0.123187111226,0.0973160579248,0.62066437918,0.248065726173,-125.573221282
0.127459778791,0.0905879815857,0.619260983897,0.25571521114,-169.281505552
0.118754643211,0.0964052286989,0.620098617364,0.261807800428,-141.380659875
0.123285219956,0.094631666876,0.61691276719,0.246765388242,-117.108055571
0.125544102935,0.0915818220763,0.609550704937,0.264523961034,-156.762628241
0.1282446021,0.0977604185454,0.611918839806,0.255898548981,-115.947087306
0.122074653995,0.0902836314295,0.608921309258,0.268803186103,-154.895418863
0.127869972673,0.0946085969558,0.621756867131,0.255862135626,-133.40064546
0.1247450568,0.0951131169235,0.621836001123,0.265264103256,-105.563986938
0.122359034814,0.0967614074625,0.6271836572,0.269769379075,-136.481123229
0.11907064702,0.0947716978198,0.616494800949,0.25198872752,-110.532303247
0.12068150113,0.0962841639806,0.621834332555,0.288345266348,-147.150488044
0.127385591843,0.0938658278192,0.60862845639,0.268117995132,-141.608929858
0.123974874203,0.0953890705655,0.613883394406,0.264030574225,-105.328742544
0.12004270143,0.0939971460236,0.607242092844,0.26647696688,-106.566539735
0.123130264245,0.0887186206156,0.608961706217,0.258391189692,-173.278387875
0.120917319345,0.0968354879647,0.608140168315,0.267144937191,-130.859741219
0.120995658421,0.0926225538452,0.610067607919,0.259813268426,-127.112378732
0.127814118889,0.102946625134,0.59565426014,0.258138350523,-159.086380293
0.121906898279,0.0964655446719,0.615963836546,0.269573056847,-127.241370512
0.120119423923,0.100817135286,0.618549530963,0.25929864947,-171.016594376
0.126679459769,0.0956408352048,0.621317551675,0.269845140163,-106.53206796
0.121933976411,0.0938649462909,0.622866486761,0.26616706696,-107.491544501
0.120398090798,0.0966473397746,0.620383138249,0.26893136324,-140.008723499
0.122787612679,0.096710537229,0.622185150858,0.266942556257,-128.503110625
0.12331425871,0.0975041671344,0.615740526513,0.251861774367,-125.839296653
0.115045559472,0.0965454463991,0.632848073646,0.26395272718,-162.732701659
0.122592066451,0.0917801562528,0.623602789307,0.266916906325,-135.141981824
0.123172815097,0.0916325296026,0.61525597657,0.274619184688,-141.323476022
0.124811898065,0.0958834873957,0.619177197711,0.274347088576,-108.71111403
0.12549658481,0.100445522336,0.616244456011,0.274493688336,-159.193571746
0.123024048,0.0972381875563,0.613842651142,0.274232698941,-132.413714029
0.128932648561,0.0960111120472,0.617947060197,0.272308309416,-113.598667952
0.122766606839,0.0969905071914,0.619180636159,0.283582655485,-141.049448673
0.126291541502,0.0928928627677,0.612164063596,0.27082751735,-144.105472254
0.117456170696,0.0918717575298,0.622489626853,0.264590207764,-114.971611313
0.129066755118,0.098082904785,0.604336702196,0.262483605514,-116.556031001
0.130375800532,0.0999725218494,0.630964981492,0.272775098594,-144.851669092
0.125946854893,0.0918481699363,0.62138346494,0.276333455634,-146.784663391
0.122245299431,0.0966773846454,0.61560390031,0.273535572101,-130.244894873
0.124542057059,0.0983407702906,0.627402545476,0.27281332866,-146.960228106
0.12386693884,0.0951849460984,0.616174851962,0.282256184357,-110.539379511
0.119805366853,0.0949813656128,0.618244974556,0.266166947726,-119.125950327
0.121930080567,0.0937486852105,0.616926356112,0.276002127822,-110.775060138
0.131255560255,0.0972495793233,0.622710315922,0.26709155354,-112.304877414
0.125376163071,0.0963396214354,0.613752255414,0.285915851615,-115.912912911
0.12384468255,0.0923007065712,0.622731970921,0.271613466145,-133.78716584
0.126531199126,0.0965964056184,0.624938734508,0.273178087974,-111.625390918
0.123104071554,0.0969486267859,0.628260014862,0.269831588612,-135.993757395
0.125586259583,0.0974853700965,0.616995841886,0.272541565042,-122.96944718
0.126763565235,0.0977363486677,0.619147362964,0.264881802306,-118.768989754
0.122437071674,0.0966068210427,0.607939302812,0.277888378305,-125.475788954
0.129292576312,0.0956159707892,0.617179444329,0.274441041843,-120.061813492
0.126416318363,0.0902614688253,0.617678236698,0.270864330565,-165.51326238
0.124176185449,0.10086189893,0.615240261764,0.275799294724,-165.805701303
0.130775572121,0.099536662855,0.616713706842,0.279869358235,-132.124055112
0.125272362724,0.0961078825486,0.614909808131,0.271952524999,-106.135863101
0.123609894467,0.0994200028278,0.612842373659,0.272407266823,-153.22949405
0.129539922631,0.0941294951024,0.608013184122,0.278152577674,-144.038678202
0.13063317182,0.0978595836395,0.61476875237,0.269564921274,-111.196524002
0.125812669955,0.0976631118037,0.605208703141,0.281894564891,-121.650906658
0.129891801849,0.0934789250256,0.61790038238,0.267625324377,-150.779621186
0.128456440846,0.0965157405289,0.617830720465,0.265292734201,-110.821901559
0.129600384086,0.0932565125583,0.604533775773,0.27474305874,-155.512681832
0.123689078327,0.0966276519791,0.621157703008,0.271209712923,-123.974580173
0.125425804859,0.0945092060927,0.61238063128,0.27206111778,-118.655137201
0.129805315534,0.0944400039565,0.614224735131,0.263529363686,-145.001058571
0.12962834067,0.0879088314113,0.614037291,0.288246464573,-185.764312992
0.127840985082,0.0986753319645,0.605764893338,0.271506030336,-122.24969163
0.126780491811,0.0917329104431,0.612079768223,0.273629095257,-155.874772758
0.126566148819,0.100836019967,0.612005713185,0.259636894264,-152.124284377
0.127482822856,0.0935829103773,0.627994510276,0.275501423659,-129.917548053
0.128986188698,0.0936834776547,0.615416830933,0.272612487086,-144.487611301
0.121783480659,0.0957842533881,0.618100564136,0.272086593381,-122.001001015
0.121350876298,0.0970340577548,0.617681308526,0.269901171649,-138.636635718
0.122206280339,0.0992728662773,0.609379315417,0.262173757792,-151.156952025
0.124225703571,0.0924879459182,0.615771064517,0.260790349992,-141.55910017
0.124380151377,0.0958032975871,0.617574389533,0.277434276797,-110.848108705
0.128302702101,0.0949754671936,0.610920028639,0.27609281058,-127.097879534
0.12213599507,0.091870281351,0.612886552184,0.264155268766,-138.776874097
0.127007548329,0.0946697010945,0.615289447858,0.26700461418,-125.974654769
0.12183917817,0.103220071748,0.622335830607,0.271439404831,-184.425683033
0.123784467534,0.0908819313191,0.618736925766,0.270512718193,-150.89546952
0.128910895836,0.0937282452807,0.621216519736,0.274782347271,-139.372227698
0.122423543162,0.0985660042618,0.610688399114,0.277463201577,-150.139861081
0.124075914075,0.0983138064452,0.616296414202,0.273802035114,-142.022901382
0.127221042106,0.0935681721935,0.618784541029,0.270489097711,-136.864780692
0.124399523147,0.0911947647148,0.613731342999,0.261307518553,-155.218876199
0.128489768824,0.100725519633,0.622269567156,0.276219908262,-156.062583122
0.128824286789,0.0973269559012,0.607925357799,0.27048086236,-110.442039546
0.122558828096,0.0931834872099,0.611519744464,0.278896737516,-120.524756129
0.12467673185,0.0948990016109,0.627178518644,0.271043698454,-105.928774496
0.122282140839,0.0988169802059,0.62716289868,0.26802306558,-157.422130845
0.123094055007,0.0949355666706,0.623792566704,0.262821745707,-104.940883895
0.12687458795,0.0949522549872,0.627732405785,0.265512846429,-112.802599769
0.121771523668,0.0963157735968,0.627479578809,0.271643102868,-135.40711012
0.127056574279,0.0957439411759,0.626606175537,0.260421476739,-108.77266942
0.122485803792,0.0951288950333,0.625973590263,0.264542708277,-110.368791248
0.126290573063,0.0957678544781,0.625375482239,0.253022944988,-110.820642199
0.122373401089,0.0949322326109,0.628050344514,0.273987472405,-117.155552692
0.127213831184,0.0954069656968,0.627824911721,0.253674225894,-116.874059895
0.120991432672,0.0949508326709,0.617790928993,0.259391742109,-107.704316087
0.12628586973,0.0938510192165,0.62496649018,0.265454898462,-126.849088711
0.123246204742,0.100979875458,0.624549968453,0.261195967887,-167.6093958
0.128291904083,0.0925574384915,0.622248416509,0.266311684203,-151.643838486
0.11885786899,0.0928803879498,0.620943983807,0.258791302557,-108.519882173
0.126347719529,0.0918895217328,0.623680212673,0.261883803529,-151.602415487
0.125727755233,0.0945525530162,0.625302218092,0.256951721125,-118.763477768
0.120904540062,0.0961502021031,0.632784166975,0.267685818229,-138.836545277
0.123581964749,0.09247952732,0.625973244846,0.261346164138,-132.241554964
0.122825730125,0.0943349137886,0.627620094375,0.265568782978,-106.041171996
0.125585128314,0.0911814068449,0.62686076953,0.253543522815,-156.578352889
0.126724555036,0.0958675707202,0.626638571489,0.264454298813,-105.331082589
0.124517461885,0.0931828875553,0.620834762617,0.262370897778,-130.795970263
0.125117720043,0.099813367556,0.622562366101,0.260320909368,-152.083084742
0.132165591283,0.0966139077576,0.626391557123,0.260144012104,-126.350441911
0.128210994634,0.0991573627953,0.629345205028,0.261227107707,-137.187383976
0.126111090647,0.0972824957085,0.629999995435,0.255008579789,-118.56718007
0.131072152502,0.0988125919839,0.625437124043,0.258008730946,-120.195473573
0.124675214267,0.0939285455252,0.624114816081,0.261428591485,-119.450153584
0.123637755191,0.091112246467,0.631111196819,0.264575525884,-144.409207587
0.126674375186,0.0923709058553,0.623744636771,0.269360856006,-145.430123418
0.128254168674,0.0940087069478,0.620643146327,0.265981287686,-137.527511549
0.127627779587,0.0956222555063,0.634630261528,0.27392088085,-105.756378927
0.127902968324,0.0915435767741,0.620280977139,0.278344785857,-156.337428834
0.126190369852,0.0971402044597,0.62923003874,0.273025168672,-125.094868159
0.126509303268,0.0929466816821,0.641262175366,0.276805765019,-125.803073486
0.124337820055,0.0889132400544,0.641602106643,0.271672801152,-162.426522465
0.123722711875,0.0935870187084,0.630418940655,0.279035524969,-113.744742308
0.122037139264,0.0969797643681,0.633965078882,0.273542237182,-147.174641228
0.119923204263,0.0954782351746,0.630897295138,0.267837807307,-135.251561937
0.130832699377,0.0976324905123,0.638854728084,0.268218271165,-112.984630186
0.130280979,0.101214654242,0.643982539656,0.276856424697,-163.616000084
0.130334301317,0.096911522893,0.635522531504,0.285027056639,-115.673624528
0.126852926457,0.0993012314697,0.643723033009,0.270821197887,-155.189921459
0.124206456653,0.0984642639142,0.631085590015,0.276721097174,-153.691925926
0.125199104131,0.0967411431074,0.637392481721,0.281761582431,-138.596047751
0.130616856038,0.0986400432399,0.634466784644,0.271040727447,-127.692906389
0.125221202101,0.0930505610837,0.63369554455,0.276919438734,-122.918298037
0.126162264104,0.0998397264178,0.636279263419,0.287056621873,-165.964617783
0.126233061375,0.0964653591732,0.641462227309,0.275267957177,-127.22193212
0.122514216614,0.0943158099565,0.642579189338,0.269902836376,-116.905375252
0.127620779789,0.093642727002,0.633978984659,0.28148614909,-123.847491903
0.12330069367,0.0953675398664,0.640382993332,0.271268999687,-124.37929732
0.131401607981,0.0951015606339,0.64285513475,0.279864373105,-115.331146498
0.129393948815,0.0947969603143,0.623567132879,0.267282079884,-130.975544862
0.127043627159,0.094859266077,0.630979992398,0.278971042179,-109.251319402
0.126646734432,0.0965007403319,0.640616991825,0.272902979892,-122.673675323
0.130284449776,0.0947169710307,0.64044436202,0.273704663861,-120.064042315
0.127429849707,0.0946027589226,0.626846681838,0.280903647091,-114.46590583
0.128359546647,0.0938051583245,0.630109879516,0.276318006338,-129.596841919
0.12598168957,0.10002185053,0.634290217644,0.265168673162,-158.37731702
0.125689404846,0.0967735670302,0.630440575486,0.258252958838,-114.867195257
0.127004898395,0.0953114577638,0.632816394024,0.278424334824,-107.959251426
0.128251260196,0.0982838673744,0.635664270367,0.270229001947,-134.253652776
0.125780904642,0.0955191224484,0.641621886195,0.266078472094,-109.453627005
0.126500515003,0.0985780007326,0.637176433987,0.271855885227,-146.855530099
0.13104548676,0.0951176412111,0.642818050642,0.278954603468,-113.944230486
0.130239192519,0.0991814982231,0.628191652571,0.272694109726,-133.587661042
0.124281507953,0.0946278349074,0.634354360206,0.278727489162,-114.25230321
0.128267050994,0.0986305734647,0.625815838988,0.274009438643,-134.042381389
0.127380752775,0.0905778777004,0.62534869763,0.267711623266,-164.029906678
0.128429134989,0.0969890027191,0.632075706522,0.271663559356,-111.876568196
0.131489440977,0.0938091463661,0.628550079098,0.273334765478,-145.978239719
0.126007729004,0.0962141848519,0.626001337694,0.276977887097,-113.357302945
0.126023886164,0.0911207983534,0.634908666596,0.280128657881,-147.436619942
0.12518388525,0.0982423871489,0.63388051189,0.279184755082,-150.710089929
0.124960483662,0.0924992064946,0.635998476004,0.273536186961,-128.495480544
0.131358342188,0.0949334456018,0.64125321803,0.277122865852,-119.76129998
0.126737083973,0.0963996201319,0.62197989482,0.264480583536,-106.015799012
0.124850660819,0.0980605093274,0.620688107399,0.274593308687,-138.910958216
0.123474939882,0.0958535574242,0.612506185706,0.265114103202,-106.726397368
0.121202278768,0.091753521119,0.619954912054,0.254622951883,-135.31981268
0.124769768036,0.0992707038819,0.628281899794,0.264848076299,-152.572511704
0.125649848483,0.0987250849601,0.618941222387,0.263015417994,-136.713167312
0.128257692967,0.0960680512823,0.621684813796,0.272250744335,-107.406839839
0.128027286507,0.0963274233682,0.618701148497,0.273357914544,-106.012913146
0.129089609084,0.0972493596948,0.6181244637,0.277504498781,-107.258089379
0.128604130463,0.0927825042817,0.611538735751,0.274404939881,-152.996322716
0.126370477726,0.096770693577,0.62195959149,0.270936293965,-111.252061605
0.125074326763,0.0931340669928,0.623286264844,0.270528828474,-129.098600504
0.127206560404,0.101461957429,0.615995138188,0.275785693404,-162.48944332
0.130113985379,0.100037204483,0.618084802587,0.267780398335,-136.876843758
0.131211151086,0.0982283795703,0.618058831789,0.274418134234,-110.691946042
0.123721674356,0.099832986408,0.613539004265,0.270544923565,-156.380541943
0.133501313485,0.0942304566608,0.622083966223,0.275858809921,-152.084228022
0.12971552994,0.0936568528423,0.6213792088,0.268697509674,-146.1112076
0.12773828345,0.0983607498875,0.619766711123,0.269973364939,-125.982087476
0.12408504766,0.0960230273151,0.620184425989,0.27457091958,-114.861959195
0.129572934184,0.0961731360519,0.619848112833,0.270317594999,-114.921768557
0.126710117953,0.0974106944139,0.61719542712,0.284994762639,-125.442849012
0.128265621896,0.0956388690221,0.625843211205,0.273146188011,-108.794353818
0.125952464143,0.0975838254141,0.625740991022,0.272822479024,-129.68216765
0.127193462565,0.101582303505,0.615650845536,0.265475474265,-159.784532453
0.131707393656,0.0957830320827,0.618980554942,0.278527745907,-126.59727565
0.12687331551,0.0982675641646,0.624409816093,0.275826982819,-135.776233842
0.123985314504,0.0985096591421,0.621949079658,0.272020258081,-147.243423147
0.125459828987,0.0968830287569,0.615276320267,0.270090825775,-112.834552159
0.13051082996,0.0983574178656,0.621323282856,0.273321043527,-115.785811331
0.124890362785,0.0929392244194,0.614405152019,0.27168152615,-135.78433764
0.129092762949,0.0996728529301,0.613561583879,0.275589591076,-136.974300928
0.130225953921,0.0935661134434,0.61915728973,0.272054863689,-148.849560214
0.128106827879,0.0946256605669,0.615788624663,0.281099215875,-124.735371966
0.129863753475,0.094794028185,0.621946230396,0.268416169225,-133.948435735
0.126300890047,0.0970571071973,0.621894713652,0.274395984999,-117.865634743
0.12543711027,0.100737959892,0.616430284629,0.266020024766,-158.587790746
0.127845802171,0.101103888121,0.617628908465,0.282322228076,-161.259565853
0.132583894221,0.0920486351161,0.620322382539,0.268521755863,-168.894409649
0.124933458015,0.0951169113152,0.618684531445,0.26919618293,-106.302061535
0.128573695743,0.0961860960236,0.621740332102,0.274339004592,-106.616892288
0.132862240061,0.0970464254233,0.628662258933,0.271352866085,-111.99920782
0.128298887284,0.0972432883591,0.624878087593,0.269437785046,-110.180270298
0.127776981418,0.0926723142619,0.622209767885,0.276062133241,-145.066710609
0.130314003034,0.0962586594336,0.620461811718,0.269765221421,-117.856616414
0.130235322775,0.093499651006,0.630954234688,0.276473409713,-141.423540295
0.124887943735,0.0913210113239,0.618109440458,0.272144320828,-150.608103676
0.128091043736,0.093990535535,0.620910309234,0.272337581217,-133.662956378
0.125013513857,0.0988651847887,0.61743921904,0.273726094212,-145.390636641
0.129756062575,0.0994288022567,0.620254925678,0.268833277286,-131.997919827
0.128697366165,0.0954429714462,0.622330027388,0.272247416694,-116.324307021
0.127984391674,0.0946229328712,0.619093236266,0.281334282299,-121.732265471
0.130659105679,0.0947940616689,0.611984244379,0.272125850297,-142.275576075
0.130588220489,0.0947606459336,0.622393957263,0.277940484331,-132.716381007
0.126084459099,0.0972742409221,0.62289396032,0.280919671822,-128.504899595
0.126554220558,0.095184919117,0.623370900646,0.270861787352,-108.834760046
0.13092837991,0.0998374747773,0.620061084884,0.274468387908,-135.005359176
0.128626261051,0.0974970839849,0.620768441076,0.271561252057,-110.772900233
0.130213422794,0.0964621346502,0.625735026315,0.269139819257,-111.065452181
0.12804525624,0.0974152624041,0.619351787804,0.280251814435,-116.100790474
0.126806290455,0.0974585286571,0.623143112448,0.271235166211,-120.001023826
0.129633427257,0.0951246158747,0.623541448297,0.279624769827,-120.569590281
0.129006886354,0.0962798641924,0.61669754957,0.271770676764,-112.144199386
0.12749492122,0.0959533697115,0.620437312131,0.274459138731,-105.811548821
0.128301278973,0.0957018465031,0.621206496666,0.27388165691,-110.812698032
0.127466969522,0.0955905348934,0.621903285541,0.274689426802,-107.743386307
0.128579470379,0.096594647831,0.619457506807,0.274380339719,-105.507661084
0.129207237981,0.0983390371557,0.61621779657,0.273386965201,-118.09357587
0.128070473176,0.0948081300818,0.621561370427,0.275729248536,-120.38169345
0.127846819324,0.0959070460525,0.623671063264,0.273382307276,-106.029378368
0.128612077605,0.0958898044289,0.622183943992,0.273225418255,-109.828269097
0.126746887827,0.0967659985938,0.620302434183,0.276009252235,-111.212432655
0.127342926307,0.0950164315863,0.626564133416,0.276523641899,-110.444586502
0.124918639558,0.0977864785628,0.626951453504,0.266289861567,-134.484513045
0.127234497856,0.0945226119234,0.625689430143,0.275795596979,-117.089834211
0.128254590493,0.0950972988072,0.620926299465,0.268946339097,-121.661093524
0.128117874581,0.0974460485392,0.623963817737,0.28008575139,-120.002272646
0.128200417937,0.0970369603434,0.621400819615,0.269465437896,-107.385982039
0.127691325848,0.097815866785,0.617194504915,0.263503062122,-115.144368476
0.130263599571,0.0976882270468,0.622223172121,0.270486331632,-108.832691517
0.128721614223,0.096450306538,0.622807631585,0.271338434398,-106.252253084
0.127108173375,0.0962629540739,0.620915088924,0.27200519101,-105.046434351
0.126775397845,0.0959132514651,0.619253118627,0.273184404369,-105.251446615
0.126835400951,0.0953846249794,0.621651310336,0.274003069257,-107.790761809
0.126608754175,0.0952666909828,0.614696438088,0.275572738259,-111.550590991
0.125758440512,0.096126617001,0.615466385514,0.274226387942,-105.862819393
0.125759753031,0.0967760635734,0.617576700914,0.272769693119,-112.553451138
0.126422462677,0.0946609930393,0.613890739384,0.275028823569,-119.498641054
0.127539999719,0.0965801297486,0.61832427611,0.273595476264,-105.479786536
0.124209968473,0.0956216708459,0.617804775279,0.271031134669,-106.56614787
0.128466808578,0.0957226144006,0.619800562611,0.275296601881,-111.628233985
0.127277374276,0.0982185755704,0.61882675446,0.276881959696,-129.584223646
0.124639851701,0.0964495507542,0.618541689899,0.273386665748,-115.330505335
0.12568785092,0.0975854636877,0.616396337897,0.271619365644,-122.871468143
0.127161144141,0.0960067168864,0.615683599184,0.270486870629,-107.947803364
0.128155236927,0.0989785251159,0.619931395389,0.274510114625,-135.472037172
0.127915699499,0.0953787491778,0.617712442298,0.275263939346,-114.711332401
0.125168381949,0.0967892389122,0.620730177448,0.270902739152,-117.117334993
0.126046878562,0.0991892910116,0.618507115457,0.271996386148,-144.81909842
0.127150487544,0.0971860490703,0.617177325086,0.270202171954,-110.284003402
0.12956559129,0.0966421160561,0.61693011731,0.27359320949,-109.889519573
0.126080003953,0.0961174864963,0.62039367533,0.274955472111,-106.752468066
0.126449572606,0.0966167185459,0.621457166378,0.270910796525,-108.824591233
0.127524883361,0.0960757783233,0.621143223607,0.273060315169,-105.378899237
0.130856947423,0.0955987514921,0.621074234991,0.269809741191,-128.938799109
0.127600931186,0.096097601656,0.620217073349,0.276666837,-105.150805384
0.126964433842,0.0960101327041,0.616420320324,0.272479797594,-106.201106267
0.125410341174,0.0976254172883,0.609021697964,0.277176738327,-122.861170448
0.12615522688,0.0945608556668,0.609085410262,0.27169620795,-124.778677939
0.124987335627,0.0973131351065,0.61531999416,0.27204349301,-122.400691381
0.127422918701,0.0951436492094,0.616343555342,0.269183958396,-119.734583068
0.124318319287,0.0966599024616,0.613511521942,0.2767116286,-118.515110369
0.126561988784,0.095714165105,0.611062196465,0.27355526568,-109.495769904
0.126863427936,0.0944350687298,0.617421319267,0.271830194946,-124.065771436
0.127364744462,0.0957771588352,0.613711249599,0.27242718597,-111.347928509
0.127169968982,0.0917904623546,0.618768294717,0.274110922922,-153.593050972
0.126452057624,0.0973492930041,0.611890989397,0.270472591197,-112.660533814
0.125805915564,0.10052017554,0.616541507297,0.275019536075,-159.227844214
0.127393355513,0.0971894073233,0.615830086424,0.273366919567,-109.695806438
0.125908013182,0.0952545585111,0.616216455623,0.274235650155,-108.224265929
0.127396873996,0.0943620301995,0.618629508975,0.273901791837,-126.012147133
0.126625671065,0.0955959346217,0.619815324362,0.272831858786,-106.482219605
0.127156161366,0.0970622903048,0.620096289713,0.274059763396,-111.691395301
0.126902506507,0.0939399084882,0.622100566349,0.272527007689,-127.397385237
0.126847605393,0.0941372849314,0.621871366374,0.26994978406,-125.829245049
0.126392787466,0.0956750029031,0.620245967526,0.270157891617,-105.815798614
0.123863110923,0.0945567858961,0.619721627066,0.270252406895,-107.217362595
0.124569946907,0.093159442428,0.621106685393,0.265630292867,-129.660305232
0.124369360812,0.0960476498428,0.620346478854,0.273625255458,-113.056326418
0.124859596995,0.0951692501213,0.616345001187,0.269083695963,-106.640666036
0.129380300467,0.0964959410074,0.621106401403,0.270143744334,-109.738583591
0.12817262628,0.0950650969815,0.614524125047,0.269852293101,-126.0589937
0.126604168427,0.0964648472789,0.616266689502,0.271644121999,-105.771104914
0.127216711532,0.0979436849719,0.617922096807,0.271838255951,-121.880831957
0.127884581269,0.0966191717579,0.613643585473,0.26916497566,-108.18644131
0.12693534219,0.09540525305,0.622701696736,0.26979709753,-108.881968565
0.12526056232,0.0988688809605,0.611465569031,0.271185779476,-139.428162062
0.126529246918,0.0973426337849,0.618190663936,0.271751858717,-116.181596925
0.125476566394,0.0962379500768,0.61636949964,0.27114967574,-106.713956213
0.122292877962,0.0946110038922,0.615261788184,0.269130474168,-105.760882768
0.123426032698,0.0949257724764,0.614748550656,0.26812556509,-105.44222018
0.121047761289,0.0946013412613,0.620979006185,0.266272573,-109.906275592
0.122401076989,0.0942151297727,0.619385963088,0.266479617476,-106.646301878
0.124466775407,0.0945441987615,0.622929515367,0.267961649783,-108.308539941
0.122960932162,0.0954099326518,0.615903086423,0.263403511322,-105.569285451
0.12369570968,0.0966969873478,0.614205981657,0.262670472269,-115.534572776
0.12371542093,0.0947696883948,0.616488969899,0.267491772509,-106.58041276
0.125907257419,0.09751191601,0.61473726954,0.260053838109,-115.995983685
0.125820356803,0.095662040575,0.618402880957,0.261374515006,-108.468433435
0.123610032099,0.0955072298469,0.617592045283,0.264961522357,-105.457856527
0.123970793812,0.0966165494829,0.619717699368,0.264848535954,-117.502922405
0.123205530342,0.0971667836249,0.623401463744,0.263084413409,-131.120659835
0.120781099858,0.0961398533284,0.618683587351,0.263013367964,-127.335169919
0.124760090931,0.0959107559064,0.61894692138,0.262869094244,-105.568817769
0.125289823562,0.0947423697603,0.621657419907,0.264876142791,-111.637864448
0.124531851006,0.0974763043752,0.620019975771,0.264372775694,-126.604652315
0.126769223341,0.0959955899459,0.621627116545,0.263134948096,-107.135424019
0.123695992781,0.0966538432903,0.615416340087,0.261294207529,-115.133135062
0.124553201093,0.0953213619771,0.615746633597,0.265790124978,-105.848204403
0.122101760896,0.0947604966778,0.61217368558,0.268922869957,-105.551354669
0.119626293485,0.0949436894049,0.611770245451,0.259707476319,-110.703069133
0.123627492035,0.0951677356211,0.612789382519,0.266885934133,-105.309612072
0.123634589599,0.0966631275979,0.613727382927,0.265914134303,-116.503401235
0.124231437577,0.0952571322401,0.610067140959,0.266119065648,-107.813876092
0.124364787328,0.0957126540393,0.616083371438,0.266205180582,-105.088654202
0.121417778896,0.0950177111352,0.613485266147,0.266622213412,-107.915096169
0.123099711805,0.0939083290494,0.61915700974,0.264301756264,-113.051199024
0.124629811489,0.0967673340542,0.615705207744,0.259580677888,-112.106968338
0.125607971077,0.0962534959222,0.619457755097,0.265618683361,-106.306904495
0.125564704628,0.0945619074967,0.622668711539,0.260769643157,-117.23559451
0.126166570045,0.0978208310328,0.618499857961,0.26459227579,-122.289689308
0.125203384167,0.0981026532143,0.61725311482,0.264437324817,-130.109203615
0.127147873438,0.0958229906989,0.618274530613,0.266409806468,-110.112104154
0.1254302948,0.0952151045105,0.617318898626,0.268183169842,-108.138276759
0.124972627293,0.0965482131751,0.621608802628,0.265775581055,-112.845512451
0.127463690705,0.0949044257653,0.619537277682,0.267365563265,-121.854306724
0.126553004808,0.0955153685209,0.619525364321,0.265817531298,-109.965936693
0.125506358427,0.095231972308,0.621407688534,0.265379262934,-107.220150119
0.127690149516,0.0957412571314,0.619323029412,0.265150527431,-113.791320743
0.125758038923,0.0960569802169,0.61631463051,0.264963072997,-105.787507399
0.126752244864,0.0949593101493,0.622130062374,0.263811581503,-117.231507616
0.125636588454,0.0961002511138,0.619087160882,0.268484133738,-105.602455349
0.124151063152,0.0975756492588,0.618138952977,0.270494600681,-131.688929968
0.124450953009,0.0980555314956,0.619290585802,0.267943846572,-135.774793052
0.126313243496,0.0959306768257,0.619922837911,0.270133188339,-104.918349034
0.127354361931,0.0952769907174,0.621854243954,0.267412435635,-114.343182971
0.125981305538,0.0976962516092,0.620438645355,0.27156987313,-126.113901508
0.124517560695,0.0956260922943,0.624215001983,0.26802977396,-107.070388798
0.128366667102,0.0943052736549,0.623591201906,0.26983136414,-130.474427437
0.128991628524,0.0967828865556,0.618958836374,0.271517648827,-107.09436259
0.125209833878,0.0967999268213,0.619536310053,0.269915416932,-115.661128505
0.126811313087,0.0974647959757,0.621087442063,0.264403665281,-115.628321333
0.12516914238,0.0961883139133,0.620341386245,0.270523744961,-108.926669925
0.124364676534,0.0951536924942,0.623061284065,0.270700960004,-105.593635365
0.125213153153,0.0942574846133,0.621611306576,0.270055481692,-115.396619604
0.121593991253,0.0968804377273,0.624492008542,0.270025186544,-139.985631192
0.122977365116,0.096699954315,0.624686491524,0.269150182342,-130.342314352
0.122528552825,0.0940165632326,0.620068266361,0.27121834679,-108.445282452
0.124279499726,0.0942325948093,0.622216341834,0.271749007902,-110.541740205
0.124311950198,0.0954644764521,0.622768226081,0.269296552945,-106.462197828
0.123534587521,0.0958141013637,0.62551765644,0.270053798823,-116.294307124
0.123520313057,0.0954483815722,0.623914796231,0.26848345694,-109.730403262
0.125620465969,0.0960937872746,0.623571516997,0.268445539875,-106.989009727
0.123193438995,0.0944169522879,0.623095220229,0.266149273285,-106.076520718
0.122777831151,0.0951948006055,0.623435387278,0.266448029792,-109.142430197
0.122365716258,0.0927422063686,0.626967848326,0.266849023352,-119.842586955
0.122792606271,0.096191204505,0.625882427732,0.260365137411,-120.21295604
0.122954103093,0.0949923546653,0.625581421534,0.268929162979,-109.290827734
0.121928988574,0.0943996835617,0.623139498737,0.265765159104,-106.370287715
0.120244122367,0.0959197616384,0.623527287206,0.266148605434,-132.755281819
0.123677089503,0.0946400526185,0.623423432128,0.26283012906,-105.866751705
0.122367282027,0.0943117255472,0.623285384595,0.265859277692,-105.870559366
0.123283029377,0.0960588586192,0.621924393293,0.264612447199,-114.96371145
0.12030136304,0.0930930222566,0.624180803664,0.26333263132,-109.618563074
0.122741132206,0.093449512102,0.622894814183,0.26397150506,-115.238621632
0.121637816778,0.0911773900594,0.626416233943,0.26538093098,-136.831581275
0.120164415366,0.0954082642737,0.622080062388,0.267337244515,-126.392733284
0.122751803095,0.093238542802,0.621884429306,0.26364331979,-119.041822059
0.122011503425,0.0948198014307,0.621663767502,0.266467121789,-108.093369515
0.121199844778,0.0920806615404,0.626375267762,0.265144386938,-123.653237801
0.122758656486,0.0944472291508,0.625035487689,0.268056092368,-106.461190278
0.121275538911,0.0931864993042,0.624602380866,0.266048131007,-111.225546757
0.123230679199,0.0940720120705,0.625312457254,0.264594763536,-108.34818566
0.12140118114,0.0941908193468,0.627185889086,0.265961905489,-108.819671116
0.123371944468,0.0937184973307,0.621530746691,0.268649535082,-114.022733361
0.121617903416,0.0961810158437,0.619497613465,0.266368342053,-125.683903976
0.12161578005,0.094428837625,0.620610299534,0.267397406627,-107.107834691
0.122823944793,0.0938749947062,0.623534954582,0.26342618447,-109.961797233
0.12358302873,0.0959907946018,0.620099323918,0.265566508587,-111.674032893
0.122118629567,0.0961688551084,0.624095116339,0.267890330921,-126.979379008
0.121478255087,0.0940060570898,0.619771064156,0.262678363634,-106.171145149
0.120039289533,0.0934933361578,0.624563138873,0.264446591485,-108.498486751
0.123126937031,0.0948202016378,0.622815894933,0.255481397008,-105.490528194
0.12398452323,0.0939196010916,0.618657124634,0.257318113618,-122.009152693
0.123268565084,0.0949451425373,0.621386774171,0.25870921437,-104.83002048
0.12384185126,0.095087267419,0.621540984129,0.261814727307,-104.700537377
0.123273905807,0.0947561234395,0.620476447887,0.259139516694,-105.925236896
0.126092431326,0.0939294545622,0.622673368789,0.259457342639,-129.694971063
0.12266454528,0.0932068107883,0.619789528737,0.25898696856,-122.563188114
0.124417586878,0.0927194914967,0.618946217695,0.259224909312,-138.762700572
0.122476637775,0.095118969522,0.618767089763,0.258640206883,-104.881055396
0.122934551138,0.0947629599768,0.623011270039,0.261710485188,-104.580560857
0.123026855794,0.0948296053884,0.624556783551,0.261686504626,-104.692386237
0.12257930801,0.0939698795783,0.62268327164,0.263245150668,-108.421617381
0.121946687618,0.0937037934046,0.622212186683,0.259741232742,-109.952938762
0.121833683941,0.0935520845998,0.622270957972,0.259247084727,-111.432111441
0.123086085089,0.0917056816275,0.623097141442,0.259553379124,-141.225876338
0.122883382088,0.0964025367676,0.62433328103,0.261988302113,-122.462574821
0.122117058703,0.0941334365856,0.62554757857,0.260743904821,-105.527217725
0.12211351065,0.0930861719539,0.619027719178,0.262740346062,-119.848149014
0.122937396138,0.0937768877985,0.621756156937,0.262904874623,-112.880920988
0.123966662728,0.0927488364257,0.621341507843,0.258716684846,-134.92683656
0.122767563838,0.0932596964768,0.627611778804,0.264351906928,-115.088468358
0.123879366403,0.093904456748,0.624308744827,0.260093911029,-115.762846316
0.123968145462,0.0957582732363,0.626777955488,0.256394451987,-107.629096993
0.123698546713,0.0954934078788,0.625326895316,0.265200184842,-108.421422494
0.122614886636,0.0932107422941,0.624100024994,0.263863670792,-117.211097794
0.122903398295,0.0961705534018,0.624676189462,0.261705640232,-119.120475922
0.122278562482,0.0956725954567,0.621749490505,0.259025503471,-112.165109494
0.122920321445,0.0954770886083,0.622245911669,0.262699136717,-108.722133379
0.122048005496,0.0960956283982,0.62012658881,0.262831917749,-120.315539027
0.12144037013,0.0939679911803,0.624358988674,0.26253771281,-105.985926302
0.121203382699,0.0955277292272,0.627526802098,0.259766468906,-121.084140884
0.123460427115,0.0953518445879,0.620197213784,0.2614408524,-104.951745888
0.123876875109,0.0975298665223,0.622440261653,0.263667569986,-132.025843583
0.123776404894,0.0968936022247,0.622093530687,0.263820728286,-123.719740622
0.120990049126,0.094186195783,0.619746438417,0.263950003669,-105.986761261
0.123895937663,0.0945613846203,0.615064068396,0.262176919709,-112.509759889
0.123714446771,0.0958843301294,0.62109964063,0.261850502458,-108.736012789
0.122960850414,0.0936444490046,0.621022717474,0.257545942053,-117.915886452
0.124247111271,0.097070934468,0.619920986658,0.260422935219,-120.611635383
0.123390092684,0.096166125623,0.621218520702,0.261862451846,-113.918984025
0.123490035606,0.095680337605,0.61354375834,0.260850106468,-105.563476223
0.122984511911,0.0947132183926,0.620154070218,0.26388934761,-104.90511745
0.12229225888,0.0937001465323,0.620715810498,0.261936192298,-111.700938087
0.12430031283,0.095158759697,0.617109418123,0.266161419878,-105.568148611
0.122796312067,0.094465982617,0.620918191292,0.262925218569,-105.63380232
0.119621114927,0.093708983708,0.622324150991,0.261167479134,-107.389878955
0.123831462891,0.095016037113,0.62297401222,0.263749659956,-104.5973375
0.121921223043,0.0951482804697,0.617719910638,0.266244985477,-109.066369952
0.123382386779,0.0988835292392,0.619707458302,0.259789339096,-146.969160191
0.125653736026,0.0930344097163,0.623646547825,0.262996034481,-136.25344863
0.123622029908,0.0939291601675,0.622146965939,0.263183403897,-114.008455974
0.126274104855,0.0967483540873,0.628749719123,0.262960193951,-112.313746574
0.120833388016,0.0932553197607,0.626481362345,0.261184350366,-108.846547718
0.123711323936,0.0943240246937,0.623756789586,0.261910249706,-108.984787367
0.124708794225,0.0973275577334,0.623985123584,0.263587868318,-125.872211316
0.121809203082,0.0965910988345,0.626747159984,0.264829546322,-134.245893983
0.123941006717,0.0937178445278,0.619458294772,0.259921074365,-122.465242696
0.124358963052,0.0967299301422,0.625653917445,0.266470842885,-122.058395526
0.122269550021,0.0940824052314,0.627114412297,0.263971537712,-106.198524002
0.124154981554,0.0948962585784,0.62396288756,0.267540576131,-105.139603707
0.122450267727,0.0954209008007,0.621219881398,0.268281983438,-113.04440599
0.1229653615,0.0967111572385,0.627432545632,0.267896538189,-131.772852595
0.124482339898,0.094649173971,0.624947719756,0.267552601149,-106.733031873
0.122301182088,0.0963753370853,0.630526135145,0.268985613216,-133.907289315
0.124957114372,0.095503403466,0.62586200663,0.266790365441,-105.233317682
0.127842015741,0.0977437653178,0.626595289896,0.265176491252,-118.531220278
0.12426588265,0.0955603182058,0.625424818648,0.269570725392,-108.950316695
0.124022847223,0.0964031588285,0.628434681556,0.263787667008,-119.908211054
0.124811119339,0.0915457878547,0.621787339713,0.270959057027,-146.89730888
0.126688970493,0.0946531405461,0.62238564333,0.26542646884,-119.884201344
0.123792675595,0.0954431532592,0.631866784857,0.266095229609,-112.290582122
0.12314088083,0.0928766444209,0.625621059968,0.268511619395,-122.086549888
0.125000894678,0.0980330374963,0.627737894963,0.269397469143,-139.656035753
0.124649806111,0.0925976414882,0.628646025722,0.26790791335,-131.771100612
0.125486985767,0.0974165676216,0.622347685293,0.266521300245,-123.148114143
0.124846009226,0.0946651089765,0.62760281895,0.267305693498,-106.799935424
0.123508515649,0.0945381533243,0.628613449574,0.268604425555,-106.553314227
0.125183577045,0.0941113967282,0.625890678995,0.268335425751,-115.166061648
0.121811363462,0.0927818744814,0.632544464994,0.269908650192,-114.981459085
0.123834536086,0.0927829297836,0.625207443901,0.262423523377,-129.584595723
0.123785322007,0.0926500957413,0.628141654882,0.265198741749,-128.097833928
0.123558170992,0.0968671173922,0.631085125333,0.2670477203,-132.872431888
0.12252804656,0.0937764254981,0.630184908694,0.267298224265,-108.360941641
0.122187645662,0.0942442635551,0.628925186066,0.268069834409,-108.633365705
0.124770290096,0.0955048571732,0.62911020054,0.270878305659,-109.162004096
0.125859842511,0.0958083206055,0.627530864811,0.270457276585,-106.408403995
0.124830705488,0.0957154336494,0.631001225928,0.264772153399,-108.831406176
0.125915494954,0.0964532883912,0.626247025634,0.272798695114,-113.77288701
0.124237015341,0.0959708816066,0.629377996654,0.2754673834,-121.984035235
0.125267424969,0.0958453852434,0.627416234616,0.274067000796,-111.355503458
0.126893537725,0.0949923476822,0.628864048829,0.271446626882,-109.183559894
0.126034948248,0.0947197803561,0.627541276376,0.271951617379,-109.41074062
0.126724406872,0.0930452651325,0.627874186729,0.26977120194,-135.571132587
0.1242971778,0.0948513862938,0.627131236336,0.270999786703,-106.270942681
0.124146134267,0.0952643348185,0.630147562901,0.269964381965,-109.86409724
0.122856657284,0.0957643641549,0.62826459419,0.268240084081,-120.594265491
0.125164225546,0.0955164756806,0.627246878869,0.267047294905,-105.323684361
0.126805811501,0.0960077711883,0.629187506201,0.267727247885,-105.150448115
0.127500999967,0.0957238960147,0.628405283803,0.264924622948,-107.267253228
0.126575209484,0.095441744232,0.630688149556,0.263308658399,-106.015618044
0.128316402402,0.0962981552607,0.629426151285,0.26501805188,-106.029050924
0.127552600972,0.0972508169751,0.633796866049,0.264621167971,-117.199125901
0.127157218999,0.0953467625553,0.628006956965,0.267367898489,-108.437022331
0.130084628225,0.0946200650438,0.631218617411,0.265027972629,-132.708405567
0.127460754454,0.0972570659439,0.625029977242,0.263178340965,-112.019407271
0.127606970151,0.0973222415213,0.631237918393,0.267179599214,-117.53003568
0.128004784729,0.0945543219703,0.629960883492,0.263885513328,-123.873789869
0.131130963554,0.0982937984175,0.630255617241,0.263944823664,-115.037722093
0.127280346563,0.0965026208791,0.626944872325,0.263813433913,-106.339371122
0.127852504014,0.0971273249051,0.62895805954,0.263860041995,-110.89966155
0.127835304942,0.0964982761113,0.626460928566,0.268790326351,-105.468433672
0.128576351089,0.094764426986,0.625486541322,0.271460800802,-123.138406306
0.128791886559,0.0956002772976,0.62887806817,0.267463235,-112.756522651
0.128057196652,0.0960877512134,0.626901125454,0.270667059913,-105.230011057
0.126230951602,0.0961799703688,0.62662204168,0.269381929443,-107.291568425
0.127893215877,0.0937937204207,0.630517850752,0.273235420265,-128.47647074
0.126970064599,0.0983491131147,0.623505745663,0.268358003426,-131.267200219
0.128861232918,0.0966357704245,0.632492667125,0.259157112751,-108.142652846
0.126621584852,0.0943926485534,0.626960012879,0.27132232061,-116.77108595
0.129033034564,0.0958484235425,0.626764740477,0.266541223461,-113.172847104
0.128516282243,0.0969851025573,0.625718230564,0.269472912971,-107.198885184
0.127650666546,0.09539795244,0.622542406136,0.2705622306,-112.060927868
0.126702936809,0.0961586258285,0.628133830867,0.271597267954,-107.105684992
0.128770424885,0.0959651185664,0.627205658428,0.271297479001,-107.555444271
0.128953112055,0.095415548762,0.625075157373,0.274209785541,-114.930776735
0.127461008667,0.0968125298606,0.630297096413,0.272450795694,-113.392845259
0.12702890588,0.095853057307,0.628082969273,0.274539754995,-105.615282637
0.127424846912,0.0972044284057,0.626159575667,0.271797045203,-115.538117635
